{
    "parent": "item/generated",
    "textures": {
        "layer0": "item/music_disc_11"
    },
    "overrides": [
        {
            "predicate": {
                "custom_model_data": 1
            },
            "model": "musicado:item/music_disc_adoshow"
        },
        {
            "predicate": {
                "custom_model_data": 2
            },
            "model": "musicado:item/music_disc_adototmusica"
        },
        {
            "predicate": {
                "custom_model_data": 3
            },
            "model": "musicado:item/music_disc_adounravel"
        },
        {
            "predicate": {
                "custom_model_data": 4
            },
            "model": "musicado:item/music_disc_adoussewa"
        },
        {
            "predicate": {
                "custom_model_data": 5
            },
            "model": "musicado:item/music_disc_adogiragira"
        },
        {
            "predicate": {
                "custom_model_data": 6
            },
            "model": "musicado:item/music_disc_adorule"
        },
        {
            "predicate": {
                "custom_model_data": 7
            },
            "model": "musicado:item/music_disc_adoreadymade"
        },
        {
            "predicate": {
                "custom_model_data": 8
            },
            "model": "musicado:item/music_disc_adoshoka"
        },
        {
            "predicate": {
                "custom_model_data": 9
            },
            "model": "musicado:item/music_disc_adoaishiteaishiteaishite"
        },
        {
            "predicate": {
                "custom_model_data": 10
            },
            "model": "musicado:item/music_disc_adoodo"
        },
        {
            "predicate": {
                "custom_model_data": 11
            },
            "model": "musicado:item/music_disc_adobacklight"
        },
        {
            "predicate": {
                "custom_model_data": 12
            },
            "model": "musicado:item/music_disc_adoashurachan"
        }
    ]
}