{
    "music_disc.adoshow": {
        "sounds": [
            {
                "name": "musicado:records/adoshow",
                "stream": true
            }
        ]
    },
    "music_disc.adototmusica": {
        "sounds": [
            {
                "name": "musicado:records/adototmusica",
                "stream": true
            }
        ]
    },
    "music_disc.adounravel": {
        "sounds": [
            {
                "name": "musicado:records/adounravel",
                "stream": true
            }
        ]
    },
    "music_disc.adoussewa": {
        "sounds": [
            {
                "name": "musicado:records/adoussewa",
                "stream": true
            }
        ]
    },
    "music_disc.adogiragira": {
        "sounds": [
            {
                "name": "musicado:records/adogiragira",
                "stream": true
            }
        ]
    },
    "music_disc.adorule": {
        "sounds": [
            {
                "name": "musicado:records/adorule",
                "stream": true
            }
        ]
    },
    "music_disc.adoreadymade": {
        "sounds": [
            {
                "name": "musicado:records/adoreadymade",
                "stream": true
            }
        ]
    },
    "music_disc.adoshoka": {
        "sounds": [
            {
                "name": "musicado:records/adoshoka",
                "stream": true
            }
        ]
    },
    "music_disc.adoaishiteaishiteaishite": {
        "sounds": [
            {
                "name": "musicado:records/adoaishiteaishiteaishite",
                "stream": true
            }
        ]
    },
    "music_disc.adoodo": {
        "sounds": [
            {
                "name": "musicado:records/adoodo",
                "stream": true
            }
        ]
    },
    "music_disc.adobacklight": {
        "sounds": [
            {
                "name": "musicado:records/adobacklight",
                "stream": true
            }
        ]
    },
    "music_disc.adoashurachan": {
        "sounds": [
            {
                "name": "musicado:records/adoashurachan",
                "stream": true
            }
        ]
    }
}